system:index,aggregation,country_name,elevation_m,indicator,ndvi_2026,rainfall_2026_mm,region_name,slope_deg,temperature_2026_c,value,.geo
00000000000000000000,sum,Afghanistan,1582,flood,0.14036875000000001,291.6286387220025,Kabul,5.11202809245075,15.978082997514491,540,"{""type"":""Point"",""coordinates"":[69.54769839218257,34.566500997106054]}"
00000000000000000001,sum,Afghanistan,1509,flood,0.27093125,298.46521489349834,Kapisa,5.460441477291587,13.742992320538406,73,"{""type"":""Point"",""coordinates"":[69.6700962569986,34.85630243367056]}"
00000000000000000002,sum,Afghanistan,2548,flood,0.14395,387.10553932603034,Parwan,3.7231242983167063,5.248980966157092,428,"{""type"":""Point"",""coordinates"":[68.93019761920033,34.91320056311251]}"
00000000000000000003,sum,Afghanistan,2725,flood,0.10315,246.39891693927348,Maidan Wardak,7.961788637039725,4.674316466950529,477,"{""type"":""Point"",""coordinates"":[68.49250117799619,34.313201761765065]}"
00000000000000000004,sum,Afghanistan,3253,flood,0.11056875000000001,414.0330473491922,Logar,4.44378414360001,6.904800287359194,352,"{""type"":""Point"",""coordinates"":[69.35929691357343,34.02939781611744]}"
00000000000000000005,sum,Afghanistan,657,flood,0.099625,273.1452313834452,Nangarhar,1.1746881930092037,21.57980725323722,3050,"{""type"":""Point"",""coordinates"":[70.57499501107753,34.338698901588664]}"
00000000000000000006,sum,Afghanistan,722,flood,0.15168125000000002,315.07793242065236,Laghman,2.428655546342377,20.373718406143666,896,"{""type"":""Point"",""coordinates"":[70.29519533817592,34.584301728511406]}"
00000000000000000007,sum,Afghanistan,3545,flood,0.13065000000000002,292.67046280018985,Panjsher,7.324700592210873,1.187315866813094,163,"{""type"":""Point"",""coordinates"":[69.80209902548377,35.44740086931533]}"
00000000000000000008,sum,Afghanistan,1078,flood,0.16175625000000002,436.9468176783994,Baghlan,1.1538108224884323,13.693892593279031,120,"{""type"":""Point"",""coordinates"":[68.80480323847638,35.5765007630147]}"
00000000000000000009,sum,Afghanistan,3210,flood,0.11096875,201.45076253765438,Bamyan,2.301284232979799,2.9009908228747463,606,"{""type"":""Point"",""coordinates"":[67.28359875049753,34.781099694404176]}"
0000000000000000000a,sum,Afghanistan,1974,flood,0.15757500000000002,220.00287002325058,Ghazni,0.06577854420317203,14.300046544539612,5058,"{""type"":""Point"",""coordinates"":[67.92070173171072,32.58439936514198]}"
0000000000000000000b,sum,Afghanistan,2384,flood,0.1816875,336.76119165714044,Paktika,2.1884219345594174,12.760315588177832,4690,"{""type"":""Point"",""coordinates"":[69.08630182887937,32.742296133444505]}"
0000000000000000000c,sum,Afghanistan,2549,flood,0.3399625,437.91146975336596,Paktya,2.945213815864,9.0805798628694,1495,"{""type"":""Point"",""coordinates"":[69.64730133241339,33.76149948392747]}"
0000000000000000000d,sum,Afghanistan,1403,flood,0.28656875000000004,469.74071764945984,Khost,1.6652317638666243,16.460910768862163,2739,"{""type"":""Point"",""coordinates"":[69.77020307564848,33.28079947216389]}"
0000000000000000000e,sum,Afghanistan,2219,flood,0.49063125,342.720407976612,Kunar,2.1204089031630624,13.785221615805881,886,"{""type"":""Point"",""coordinates"":[71.01930429914394,34.865300899596406]}"
0000000000000000000f,sum,Afghanistan,4437,flood,0.05724375,269.6242445576936,Nuristan,2.105459228786615,1.5124301340028978,828,"{""type"":""Point"",""coordinates"":[70.8291013437092,35.378900158932304]}"
00000000000000000010,sum,Afghanistan,3227,flood,0.1084625,144.31699970550835,Badakhshan,1.4076877127861533,-4.84322180519041,3516,"{""type"":""Point"",""coordinates"":[72.70670394248576,37.06110049044581]}"
00000000000000000011,sum,Afghanistan,442,flood,0.5122187500000001,341.8645972734275,Takhar,0.09080699737361775,19.84790011642724,1536,"{""type"":""Point"",""coordinates"":[69.5514975462801,37.39310285938013]}"
00000000000000000012,sum,Afghanistan,346,flood,0.23038125,294.35044132670805,Kunduz,0.35343632980943557,21.50945925405182,4302,"{""type"":""Point"",""coordinates"":[68.63500067036114,37.17599814728995]}"
00000000000000000013,sum,Afghanistan,2018,flood,0.16759375,329.689254150035,Samangan,1.0615571871480027,10.9505781615876,52,"{""type"":""Point"",""coordinates"":[67.82380100671828,35.72969763880689]}"
00000000000000000014,sum,Afghanistan,288,flood,0.08131250000000001,132.74255542435327,Balkh,0.05398462253242294,23.033381351423884,6048,"{""type"":""Point"",""coordinates"":[66.95329975816563,37.29340181892612]}"
00000000000000000015,sum,Afghanistan,2162,flood,0.13114375,370.69120111949314,Sar E Pul,6.556500560282358,3.920498630016027,112,"{""type"":""Point"",""coordinates"":[66.39469925099836,35.45589991592321]}"
00000000000000000016,sum,Afghanistan,2987,flood,0.10426250000000001,155.74634905007406,Ghor,2.7253964622819793,6.07181424322755,85,"{""type"":""Point"",""coordinates"":[65.08249728849557,33.70329929697789]}"
00000000000000000017,sum,Afghanistan,2207,flood,0.14653125,193.14979073337963,Daykundi,3.957550055702857,9.573357788002397,122,"{""type"":""Point"",""coordinates"":[66.28289621028532,33.72549670202194]}"
00000000000000000018,sum,Afghanistan,1715,flood,0.16816250000000002,214.54098735004663,Uruzgan,4.464588810410494,20.293909874014844,544,"{""type"":""Point"",""coordinates"":[65.4051979726324,32.44879810210669]}"
00000000000000000019,sum,Afghanistan,2090,flood,0.09800625,214.81518922746181,Zabul,4.379346763881827,16.058883832347988,109,"{""type"":""Point"",""coordinates"":[67.22059611171339,31.940099394828533]}"
0000000000000000001a,sum,Afghanistan,1230,flood,0.11025,210.79279859550297,Kandahar,0.3814745574518362,21.45706948906951,761,"{""type"":""Point"",""coordinates"":[65.99160097486791,31.85049821826059]}"
0000000000000000001b,sum,Afghanistan,261,flood,0.21455000000000002,111.80410871609175,Jawzjan,0.023576032135772234,23.20157582266029,3140,"{""type"":""Point"",""coordinates"":[66.02020164902471,37.424196171025805]}"
0000000000000000001c,sum,Afghanistan,938,flood,0.2028625,237.0408704947149,Faryab,1.094515553004341,17.640826334384315,175,"{""type"":""Point"",""coordinates"":[64.82879673405978,35.9436007163407]}"
0000000000000000001d,sum,Afghanistan,944,flood,0.16984375000000002,177.62347559188493,Hilmand,0.5438971757168924,23.050235761896147,396,"{""type"":""Point"",""coordinates"":[64.86219986005113,32.03720077936836]}"
0000000000000000001e,sum,Afghanistan,1495,flood,0.26056875,214.59816502767717,Badghis,2.374790518818025,13.069731512710518,13,"{""type"":""Point"",""coordinates"":[64.0154031926986,34.97560122325444]}"
0000000000000000001f,sum,Afghanistan,632,flood,0.08603125,151.77661089377943,Hirat,0.3148783694977023,22.185957520619695,993,"{""type"":""Point"",""coordinates"":[60.88899813019715,34.079500275553954]}"
00000000000000000020,sum,Afghanistan,480,flood,0.07491875,47.903636587783694,Farah,0.07295837979947468,26.228894790209836,8921,"{""type"":""Point"",""coordinates"":[61.2811002631298,31.649098460080655]}"
00000000000000000021,sum,Afghanistan,486,flood,0.16280625,38.34082240816285,Nimroz,0.04288586426297588,27.102736378108602,17239,"{""type"":""Point"",""coordinates"":[61.86799822558224,31.01290067638132]}"
00000000000000000022,sum,Burundi,1882,flood,0.693675,981.8834683648311,Bururi,0.7870150756502986,18.651859548226014,2,"{""type"":""Point"",""coordinates"":[29.79149938862985,-3.7493013477583634]}"
00000000000000000023,sum,Burundi,1255,flood,0.70613125,933.2836056603119,Makamba,4.273162357674212,22.290977507331036,42,"{""type"":""Point"",""coordinates"":[29.691098269310466,-4.345799754778872]}"
00000000000000000024,sum,Burundi,775,flood,0.6029375,768.1850518193096,Rumonge,0.6775422851609845,25.051223041131493,1,"{""type"":""Point"",""coordinates"":[29.434401198966746,-4.012098468343196]}"
00000000000000000025,sum,Burundi,1599,flood,0.63115,720.8057894381927,Cankuzo,0.8666320953526273,20.625369118270783,29,"{""type"":""Point"",""coordinates"":[30.494601524535092,-3.0957977928706026]}"
00000000000000000026,sum,Burundi,1698,flood,0.74150625,963.1024109055288,Cibitoke,3.074189403059555,21.226601408865633,2,"{""type"":""Point"",""coordinates"":[29.2896008104582,-2.8712017910106407]}"
00000000000000000027,sum,Burundi,1638,flood,0.6595500000000001,828.8441454344429,Gitega,0.539235702835487,19.85738911569888,4,"{""type"":""Point"",""coordinates"":[29.892600586814634,-3.3984013085595466]}"
00000000000000000028,sum,Burundi,1624,flood,0.6373,741.2086764535052,Karuzi,1.7702953284954381,20.556376786094745,25,"{""type"":""Point"",""coordinates"":[30.14680056056842,-3.1830980732949667]}"
00000000000000000029,sum,Burundi,817,flood,0.37062500000000004,806.6451866906136,Bujumbura Mairie,1.9604043703044896,21.335691745585223,1,"{""type"":""Point"",""coordinates"":[29.34679769967075,-3.394499595137782]}"
0000000000000000002a,sum,Burundi,1416,flood,0.56926875,585.6066450503422,Kirundo,0.8026582460855213,22.437765634795824,311,"{""type"":""Point"",""coordinates"":[30.25959798081639,-2.4335989909286226]}"
0000000000000000002b,sum,Burundi,1130,flood,0.388525,972.6388394862879,Bujumbura Rural,6.091752206800677,18.925313458226753,1,"{""type"":""Point"",""coordinates"":[29.344599362851405,-3.576399704410999]}"
0000000000000000002c,sum,Burundi,1978,flood,0.68400625,910.2555931243114,Muramvya,1.3909356828879986,19.078121376822537,1,"{""type"":""Point"",""coordinates"":[29.665699229710036,-3.369800634402745]}"
0000000000000000002d,sum,Burundi,1508,flood,0.62293125,514.8005101233721,Muyinga,0.24651268842013294,21.39582033301258,56,"{""type"":""Point"",""coordinates"":[30.41110039820826,-2.5666005980497526]}"
0000000000000000002e,sum,Burundi,1705,flood,0.65778125,863.2102038785815,Mwaro,1.167209252475257,19.589471404150174,2,"{""type"":""Point"",""coordinates"":[29.742101467159777,-3.560699209601817]}"
0000000000000000002f,sum,Burundi,1619,flood,0.70935,700.365099688177,Ngozi,0.2247781648228249,20.178995996378433,8,"{""type"":""Point"",""coordinates"":[30.032402323042263,-2.9135989238268047]}"
00000000000000000030,sum,Burundi,1338,flood,0.58803125,1034.0869540019194,Rutana,5.193317344953528,20.916935315543924,2,"{""type"":""Point"",""coordinates"":[30.21480185163347,-3.7404009820556845]}"
00000000000000000031,sum,Burundi,1589,flood,0.6261875,851.1298747448018,Ruyigi,1.0107160565640774,20.354827146176774,11,"{""type"":""Point"",""coordinates"":[30.20229853227961,-3.3576005339205173]}"
00000000000000000032,sum,Burundi,1766,flood,0.658775,816.1676984485239,Kayanza,0.999471545041571,20.013018549747812,2,"{""type"":""Point"",""coordinates"":[29.670198462672968,-2.973399928054567]}"
00000000000000000033,sum,Central African Republic,1023,flood,0.7228562500000001,994.8256917819381,Nana-Mambéré,0.0364448158311577,24.50920640607916,451,"{""type"":""Point"",""coordinates"":[15.489400965312806,6.209097557375981]}"
00000000000000000034,sum,Central African Republic,684,flood,0.66935,913.2842788137496,Ouham Pendé,0.26931965431964344,26.688276354210245,1485,"{""type"":""Point"",""coordinates"":[16.18729933028868,6.274699852074277]}"
00000000000000000035,sum,Central African Republic,630,flood,0.69755,1068.3714973721653,Ombella M'Poko,0.7870446321676768,26.61362893479992,635,"{""type"":""Point"",""coordinates"":[17.888700550938328,5.028800263135177]}"
00000000000000000036,sum,Central African Republic,362,flood,0.59711875,1180.7104184925556,Lobaye,0.10396624350362862,27.17844475430877,60,"{""type"":""Point"",""coordinates"":[18.595699941164277,3.785598430333412]}"
00000000000000000037,sum,Central African Republic,798,flood,0.7311125,1015.5068711958884,Mambéré-Kadéï,0.09488489127802463,25.72448083487717,8,"{""type"":""Point"",""coordinates"":[16.86559994613465,5.328398344714099]}"
00000000000000000038,sum,Central African Republic,464,flood,0.67481875,848.8967211626004,Ouham,0.12348076172013123,28.719581947274378,2911,"{""type"":""Point"",""coordinates"":[17.855399984271187,7.3598978981482395]}"
00000000000000000039,sum,Central African Republic,398,flood,0.69988125,1107.5145256146207,Kémo,0.25041512385038706,28.051471535430494,85,"{""type"":""Point"",""coordinates"":[19.559097641963366,5.077199345969279]}"
0000000000000000003a,sum,Central African Republic,417,flood,0.6805187500000001,884.4701192344583,Nana-Gribizi,0.030128331999221138,29.480796340921415,91,"{""type"":""Point"",""coordinates"":[19.39399942545953,7.661400015876983]}"
0000000000000000003b,sum,Central African Republic,441,flood,0.8282437500000001,1173.8435996435583,Ouaka,0.40036155188708794,27.78126010763947,256,"{""type"":""Point"",""coordinates"":[20.212400537303722,5.094201898286069]}"
0000000000000000003c,sum,Central African Republic,425,flood,0.513225,583.2377764916522,Bamingui-Bangoran,0.02937445315391792,30.566495728459927,3189,"{""type"":""Point"",""coordinates"":[21.216701572066075,9.384900541347509]}"
0000000000000000003d,sum,Central African Republic,799,flood,0.7367875,789.4957132544369,Haute-Kotto,0.15983902609988712,27.379877849730576,4,"{""type"":""Point"",""coordinates"":[22.228801574570895,8.397000080259733]}"
0000000000000000003e,sum,Central African Republic,494,flood,0.512,531.021808443591,Vakaga,0.17879088368749507,30.48649128101499,4757,"{""type"":""Point"",""coordinates"":[21.82140026592387,9.830699169165763]}"
0000000000000000003f,sum,Central African Republic,406,flood,0.6904375,1227.6888560070656,Basse-Kotto,0.27420930445949077,27.867889171961394,247,"{""type"":""Point"",""coordinates"":[21.033098086190435,4.391300421928234]}"
00000000000000000040,sum,Central African Republic,456,flood,0.75260625,1125.8645418144297,Mbomou,0.09168160196024948,27.054094121485605,57,"{""type"":""Point"",""coordinates"":[22.3255997402391,4.292402019663858]}"
00000000000000000041,sum,Central African Republic,386,flood,0.5289812500000001,971.2685718685389,Bangui,1.3001939536978167,27.404075903035846,3,"{""type"":""Point"",""coordinates"":[18.638899712170062,4.36240098800085]}"
00000000000000000042,sum,Chad,291,flood,0.26650625,337.0778082946781,Batha,0.0,31.910713246035357,37993,"{""type"":""Point"",""coordinates"":[17.54839979494355,12.895100431519051]}"
00000000000000000043,sum,Chad,327,flood,0.397025,724.6741001948249,Chari-Baguirmi,0.0073813143029438704,30.577306570045266,47578,"{""type"":""Point"",""coordinates"":[16.056901838182764,10.969201309232618]}"
00000000000000000044,sum,Chad,451,flood,0.40558750000000005,554.6455007939949,Guéra,0.25531258439633625,30.446782427919914,2067,"{""type"":""Point"",""coordinates"":[19.01980058325646,10.914697717056347]}"
00000000000000000045,sum,Chad,299,flood,0.31061875,429.43545225681737,Hadjer-Lamis,0.01037070923574189,31.53812283697772,629,"{""type"":""Point"",""coordinates"":[16.78799821050153,12.403899236774615]}"
00000000000000000046,sum,Chad,285,flood,0.1983,145.58560150073026,Lac,0.007246022919044182,31.307545914931325,8,"{""type"":""Point"",""coordinates"":[14.663900964591534,13.448100307763195]}"
00000000000000000047,sum,Chad,394,flood,0.4012875,746.4972537355661,Logone Occidental,0.47439924262816263,29.36661689454786,941,"{""type"":""Point"",""coordinates"":[16.39429971939174,9.009399641636831]}"
00000000000000000048,sum,Chad,399,flood,0.3745,764.2240250024624,Logone Oriental,0.06521417845732079,29.249408965771522,10367,"{""type"":""Point"",""coordinates"":[16.540000846313085,8.666401129504722]}"
00000000000000000049,sum,Chad,373,flood,0.4492125,601.2678081402846,Mandoul,0.06496361091610417,29.201623713070944,13041,"{""type"":""Point"",""coordinates"":[17.732801459907755,8.72329925894669]}"
0000000000000000004a,sum,Chad,320,flood,0.40643125,678.2369012442068,Mayo-Kebbi Est,0.02295317295702259,30.48077457255289,59162,"{""type"":""Point"",""coordinates"":[15.377201064606005,10.487101139738263]}"
0000000000000000004b,sum,Chad,250,flood,0.40425625000000004,602.3498348820722,Mayo-Kebbi Ouest,0.17078594296630675,30.144184021498575,1353,"{""type"":""Point"",""coordinates"":[14.276601283493438,9.65509976968106]}"
0000000000000000004c,sum,Chad,396,flood,0.46201875000000003,621.5979858246865,Moyen-Chari,0.2831944406495212,29.416129216114427,28285,"{""type"":""Point"",""coordinates"":[18.675798773387328,9.625901575983098]}"
0000000000000000004d,sum,Chad,547,flood,0.24751250000000002,254.12338764250762,Ouaddaï,0.23931918484730447,30.83055876429688,15,"{""type"":""Point"",""coordinates"":[20.810098442507606,13.366900077579947]}"
0000000000000000004e,sum,Chad,429,flood,0.33249375000000003,587.0977770726313,Salamat,0.031024910890021698,30.84157288895392,34318,"{""type"":""Point"",""coordinates"":[20.208498823881957,10.877901215163313]}"
0000000000000000004f,sum,Chad,349,flood,0.40270625000000004,720.2493984318862,Tandjilé,0.016248191240769157,30.019168616191394,15063,"{""type"":""Point"",""coordinates"":[16.146699215197053,9.566198671978512]}"
00000000000000000050,sum,Chad,986,flood,0.22865000000000002,203.51058121435835,Wadi Fira,0.36992004509681453,27.41137132055968,12,"{""type"":""Point"",""coordinates"":[22.069000770118556,14.14569991296848]}"
00000000000000000051,sum,Chad,298,flood,0.23939375000000002,511.71540569886565,N'Djamena,0.0072460229190449066,30.94130081783743,807,"{""type"":""Point"",""coordinates"":[15.101499305572505,12.068298373290169]}"
00000000000000000052,sum,Chad,289,flood,0.27435000000000004,332.3392700468976,Barh-El-Gazel,0.007246022919044182,31.424006016525766,6,"{""type"":""Point"",""coordinates"":[16.607199499188514,13.134099329781645]}"
00000000000000000053,sum,Chad,506,flood,0.35740625000000004,515.9744930805573,Sila,0.05260391463962206,30.800392159251317,4903,"{""type"":""Point"",""coordinates"":[21.562799159430323,11.817598793863336]}"
00000000000000000054,sum,Chad,1097,flood,0.058862500000000005,16.307159515501553,Tibesti,0.40355670198778937,25.26290669382354,75,"{""type"":""Point"",""coordinates"":[17.7754973524945,20.59780064135305]}"
00000000000000000055,sum,Colombia,524,flood,0.6738000000000001,1708.092195914127,Antioquia,0.24310276781002874,24.666587356546415,16320,"{""type"":""Point"",""coordinates"":[-74.87099998439258,7.204400126212475]}"
00000000000000000056,sum,Colombia,49,flood,0.6337625,374.37727023102343,Atlántico,0.545452032805456,28.26059154411081,9004,"{""type"":""Point"",""coordinates"":[-74.89650158331723,10.52309946254273]}"
00000000000000000057,sum,Colombia,3300,flood,0.5389,562.6575713157654,"Bogotá, D.C.",3.6072180064397563,10.455596272870139,216,"{""type"":""Point"",""coordinates"":[-74.16750544759464,4.416298142433852]}"
00000000000000000058,sum,Colombia,13,flood,0.5437437500000001,735.6333136120811,Bolívar,0.016362926546751408,28.230515696417058,181355,"{""type"":""Point"",""coordinates"":[-74.42450127770894,8.942999167849969]}"
00000000000000000059,sum,Colombia,105,flood,0.6083375,1592.1505404362688,Arauca,0.014588079047916378,27.46504876826191,8687,"{""type"":""Point"",""coordinates"":[-70.16909641948551,6.564198069767143]}"
0000000000000000005a,sum,Colombia,194,flood,0.7266625,1703.6512956153601,Caldas,0.2946705099683758,26.70965490144971,342,"{""type"":""Point"",""coordinates"":[-74.70290525198082,5.598401372601299]}"
0000000000000000005b,sum,Colombia,197,flood,0.7221937500000001,2233.201379902661,Caquetá,0.07837774721397915,25.305699622385816,2032,"{""type"":""Point"",""coordinates"":[-73.81469691314494,-0.15709858921395176]}"
0000000000000000005c,sum,Colombia,1800,flood,0.74814375,1393.1960027813911,Cauca,1.0789632066973323,16.560597505294766,976,"{""type"":""Point"",""coordinates"":[-76.80400245465715,2.841999138211624]}"
0000000000000000005d,sum,Colombia,109,flood,0.6187812500000001,2021.643339022994,Vichada,0.18476879866511037,27.238916277264252,10908,"{""type"":""Point"",""coordinates"":[-68.74559975378978,5.349802029770639]}"
0000000000000000005e,sum,Colombia,75,flood,0.6637625,871.172488970682,Córdoba,0.15405441427583016,27.113748493377727,27569,"{""type"":""Point"",""coordinates"":[-75.38780087828485,8.550500174923556]}"
0000000000000000005f,sum,Colombia,3179,flood,0.5728,632.9845131887123,Cundinamarca,2.4839732303290014,11.875439111947628,2932,"{""type"":""Point"",""coordinates"":[-73.9994954381029,5.131600378821318]}"
00000000000000000060,sum,Colombia,7,flood,0.556025,3222.9818579107523,Chocó,0.02619029477525377,26.48757233168385,3080,"{""type"":""Point"",""coordinates"":[-76.99429905121401,7.204600785759879]}"
00000000000000000061,sum,Colombia,577,flood,0.32348125,1127.210763067007,Huila,0.3491774256117549,22.952136776771226,4235,"{""type"":""Point"",""coordinates"":[-75.45860248481146,2.6724016887448636]}"
00000000000000000062,sum,Colombia,109,flood,0.66601875,636.6442688005045,Magdalena,0.25675884966192736,27.84987032122399,79945,"{""type"":""Point"",""coordinates"":[-74.5556033077813,9.949601098755895]}"
00000000000000000063,sum,Colombia,196,flood,0.6193875,2101.7810433935374,Meta,0.1171168930805039,26.08719108382678,1694,"{""type"":""Point"",""coordinates"":[-72.00450254499333,3.969901995074438]}"
00000000000000000064,sum,Colombia,184,flood,0.71560625,3017.547454059124,Nariño,0.615202198601757,25.04661953354406,1450,"{""type"":""Point"",""coordinates"":[-77.96610215749885,1.8394995802748682]}"
00000000000000000065,sum,Colombia,3574,flood,0.46442500000000003,929.6016835421324,Quindio,4.106822081549655,12.491136985747175,2,"{""type"":""Point"",""coordinates"":[-75.68079949030466,4.2108985706089745]}"
00000000000000000066,sum,Colombia,3987,flood,0.51136875,1530.7624212130904,Risaralda,7.853214279275989,12.589333426183885,30,"{""type"":""Point"",""coordinates"":[-75.48390342418871,4.792298461462515]}"
00000000000000000067,sum,Colombia,11,flood,-0.05800625,553.7533964533359,Sucre,0.01624186329989604,28.100034421232635,80724,"{""type"":""Point"",""coordinates"":[-74.86679951120023,8.85149841423326]}"
00000000000000000068,sum,Colombia,351,flood,0.644675,716.2711976598948,Tolima,0.3519711159414094,25.334726569616407,703,"{""type"":""Point"",""coordinates"":[-75.00610182810988,4.1145998242587565]}"
00000000000000000069,sum,Colombia,928,flood,0.7178125000000001,809.6108824834228,Valle del Cauca,0.2552065831108376,20.668676450124963,2460,"{""type"":""Point"",""coordinates"":[-76.247497724985,4.168198218921176]}"
0000000000000000006a,sum,Colombia,1812,flood,0.7976125000000001,1407.74460766837,Boyacá,1.417445800214549,16.755149451989723,3107,"{""type"":""Point"",""coordinates"":[-73.68599833854039,5.893901540312106]}"
0000000000000000006b,sum,Colombia,121,flood,0.632375,1573.713089350611,Casanare,0.020541264693772134,26.981306390539885,5742,"{""type"":""Point"",""coordinates"":[-70.8505005696647,5.465101005709589]}"
0000000000000000006c,sum,Colombia,211,flood,0.7139500000000001,2008.9257844090462,Putumayo,0.22180298342786922,25.43849638218103,973,"{""type"":""Point"",""coordinates"":[-74.63569768090329,0.01640057367457394]}"
0000000000000000006d,sum,Colombia,0,flood,0.12421875,,"Archipiélago de San Andrés, Providencia y Santa Catalina",0.04454672161580197,,1,"{""type"":""Point"",""coordinates"":[-81.68939802791351,12.579801855130947]}"
0000000000000000006e,sum,Colombia,135,flood,0.746475,2293.4551378004253,Amazonas,0.06837257905560735,25.56937719065138,4369,"{""type"":""Point"",""coordinates"":[-71.29839943407912,-2.1676002357874156]}"
0000000000000000006f,sum,Colombia,148,flood,0.7668750000000001,2468.9202387034893,Guainía,0.042272359559292635,25.89173759177868,825,"{""type"":""Point"",""coordinates"":[-68.8061989371061,3.5421002991078927]}"
00000000000000000070,sum,Colombia,221,flood,0.79901875,1946.7030190080404,Guaviare,0.1556159164486047,25.35972435928994,381,"{""type"":""Point"",""coordinates"":[-71.70410182522478,2.7351992088805415]}"
00000000000000000071,sum,Colombia,148,flood,0.785775,2401.6439836919308,Vaupés,0.19143741129483766,25.50171105446327,105,"{""type"":""Point"",""coordinates"":[-70.31500266505532,-0.17060074720378585]}"
00000000000000000072,sum,Colombia,58,flood,0.7012812500000001,1468.1831031087786,Santander,0.04444969950443412,27.114696589549567,31721,"{""type"":""Point"",""coordinates"":[-73.8478993795889,7.516800286915838]}"
00000000000000000073,sum,Colombia,1300,flood,0.72575,930.0129310304765,Norte de Santander,5.704732740701035,20.613731413580922,418,"{""type"":""Point"",""coordinates"":[-72.80380086792455,7.8970991793600245]}"
00000000000000000074,sum,Colombia,34,flood,0.7479125000000001,703.6065286695957,Cesar,0.10269743634164484,27.7841941488133,38468,"{""type"":""Point"",""coordinates"":[-73.73010330706002,8.945398164216725]}"
00000000000000000075,sum,Colombia,0,flood,0.2651625,42.881526556098834,La Guajira,0.06509283910412741,28.69302554241756,12580,"{""type"":""Point"",""coordinates"":[-72.4175044845635,11.791299015850111]}"
00000000000000000076,sum,DR Congo,267,flood,0.20773125,818.0628267228603,Kinshasa,0.18502750473112065,25.982232048547587,605,"{""type"":""Point"",""coordinates"":[15.510898291491472,-4.292999539205019]}"
00000000000000000077,sum,DR Congo,381,flood,0.369525,564.6093522581505,Kongo-Central,0.15830927557445054,24.844547787680767,193,"{""type"":""Point"",""coordinates"":[13.72900137862502,-5.459901693881272]}"
00000000000000000078,sum,DR Congo,923,flood,0.6244875000000001,1036.5527593484148,Kwango,0.5014670229403221,23.673702264060864,9117,"{""type"":""Point"",""coordinates"":[17.863301511337898,-6.211902331938599]}"
00000000000000000079,sum,DR Congo,395,flood,0.71520625,843.709366120398,Kwilu,0.08455654121246182,26.526723914545414,22300,"{""type"":""Point"",""coordinates"":[18.88939863204949,-3.9742986687131365]}"
0000000000000000007a,sum,DR Congo,321,flood,0.745575,914.367232311517,Maï-Ndombe,0.19730237086883698,26.76508051659016,42609,"{""type"":""Point"",""coordinates"":[18.06559754882958,-2.6302007563750514]}"
0000000000000000007b,sum,DR Congo,329,flood,0.80035,1232.6928340567974,Equateur,0.02049674403609196,26.44428576350367,707,"{""type"":""Point"",""coordinates"":[18.14599959992426,1.0956011288316523]}"
0000000000000000007c,sum,DR Congo,364,flood,0.77115625,1193.0926286592148,Sud-Ubangi,0.07138141898931326,26.647645192087452,922,"{""type"":""Point"",""coordinates"":[18.456798943349437,3.0379989250158377]}"
0000000000000000007d,sum,DR Congo,535,flood,0.7389875,1132.3506221845746,Nord-Ubangi,0.9376366707986783,27.679078716178594,1156,"{""type"":""Point"",""coordinates"":[20.55450277012409,4.641099262942272]}"
0000000000000000007e,sum,DR Congo,347,flood,0.43111875,1128.3393396548927,Mongala,0.026131298533545923,27.36993606839485,78,"{""type"":""Point"",""coordinates"":[21.313499737734272,2.080901934005267]}"
0000000000000000007f,sum,DR Congo,344,flood,0.79425625,1201.1059992508963,Tshuapa,0.12655209989165084,26.511357790681075,6,"{""type"":""Point"",""coordinates"":[19.867399888798612,-1.3500998623560223]}"
00000000000000000080,sum,DR Congo,443,flood,0.8063250000000001,989.686067403527,Tshopo,0.14673601462880648,26.39256478978126,116,"{""type"":""Point"",""coordinates"":[24.349897845471922,0.8982992845198325]}"
00000000000000000081,sum,DR Congo,564,flood,0.8285125,1038.764851424843,Bas-Uele,0.33201497295660637,26.46441179231033,244,"{""type"":""Point"",""coordinates"":[24.031700853399084,3.773500889175414]}"
00000000000000000082,sum,DR Congo,615,flood,-0.02025,557.0308355391026,Ituri,0.01024877510522086,27.533020666303116,430,"{""type"":""Point"",""coordinates"":[30.411697917749425,1.3203977902390194]}"
00000000000000000083,sum,DR Congo,1408,flood,0.5492625,741.8749707285315,Nord-Kivu,1.727777196863365,20.312752238876726,2712,"{""type"":""Point"",""coordinates"":[29.30230033025842,-1.280899073107596]}"
00000000000000000084,sum,DR Congo,1412,flood,0.56764375,726.1233689216897,Sud-Kivu,7.790471144194521,19.76068632023805,21,"{""type"":""Point"",""coordinates"":[29.123900615312152,-3.2998997662889273]}"
00000000000000000085,sum,DR Congo,495,flood,0.57631875,757.6144929863513,Maniema,0.014492045606305614,26.39842014600538,272,"{""type"":""Point"",""coordinates"":[25.76939915662378,-3.4217982117869776]}"
00000000000000000086,sum,DR Congo,1177,flood,0.70658125,731.030857951846,Haut-Katanga,0.8377465699817175,20.393545036159026,12759,"{""type"":""Point"",""coordinates"":[28.07269875566966,-10.766000074227087]}"
00000000000000000087,sum,DR Congo,941,flood,0.61324375,803.8010043483227,Lualaba,0.37553243677343584,23.568374506109137,33986,"{""type"":""Point"",""coordinates"":[23.253601096875933,-9.614000235271451]}"
00000000000000000088,sum,DR Congo,797,flood,0.6568,757.7822580049706,Haut-Lomami,0.8045459613509272,25.132335331083254,30686,"{""type"":""Point"",""coordinates"":[25.681501356658256,-8.373799377478656]}"
00000000000000000089,sum,DR Congo,626,flood,0.7058125000000001,713.4164710864425,Tanganyika,0.3491074903545515,26.146470369985252,1191,"{""type"":""Point"",""coordinates"":[27.94359886197029,-7.224800513531989]}"
0000000000000000008a,sum,DR Congo,834,flood,0.59308125,781.4041416235268,Lomami,0.14944861153847394,25.110694893626544,1915,"{""type"":""Point"",""coordinates"":[23.85789847163892,-7.116199107375315]}"
0000000000000000008b,sum,DR Congo,536,flood,0.55103125,745.2897133501247,Kasaï-Oriental,0.22509790867074986,26.42699330647787,151,"{""type"":""Point"",""coordinates"":[23.68520194694001,-6.119001420591107]}"
0000000000000000008c,sum,DR Congo,554,flood,0.73916875,791.2104573771358,Sankuru,0.333443269109299,26.594077256023525,2184,"{""type"":""Point"",""coordinates"":[22.939600118894383,-4.3263001058721535]}"
0000000000000000008d,sum,DR Congo,794,flood,0.68161875,846.4109747856855,Kasaï-Central,0.22674378587783486,24.46301928652366,2857,"{""type"":""Point"",""coordinates"":[22.666801234646666,-6.947801156091931]}"
0000000000000000008e,sum,DR Congo,474,flood,0.6907062500000001,805.2713451348245,Kasaï,0.26943259131297076,26.57843383663476,10161,"{""type"":""Point"",""coordinates"":[20.866800371503224,-4.889899265320338]}"
0000000000000000008f,sum,Ethiopia,1085,flood,0.35476875,898.3054039776325,Tigray,1.7651159935425746,27.53360841225208,157,"{""type"":""Point"",""coordinates"":[37.634701413556876,13.601899162197599]}"
00000000000000000090,sum,Ethiopia,1983,flood,0.44295,825.3109762556851,Amhara,1.4088282860739973,19.668484888482226,4847,"{""type"":""Point"",""coordinates"":[37.74159944311113,11.898000844958016]}"
00000000000000000091,sum,Ethiopia,1747,flood,0.37321875000000004,583.4704522620887,Oromia,2.0026872690134256,21.15414053834519,14547,"{""type"":""Point"",""coordinates"":[38.56239955132208,7.894401423222692]}"
00000000000000000092,sum,Ethiopia,530,flood,0.23950000000000002,165.83193075063173,Somali,1.0292857574403533,28.4266064993148,11662,"{""type"":""Point"",""coordinates"":[43.990503395591226,5.881500780282471]}"
00000000000000000093,sum,Ethiopia,441,flood,0.41968750000000005,618.1567301601171,SNNP,0.861896054756203,29.94978713256654,5166,"{""type"":""Point"",""coordinates"":[36.16359938501455,4.957401137067402]}"
00000000000000000094,sum,Ethiopia,1825,flood,0.66470625,1195.639101922512,South West Ethiopia,3.1297591649814684,25.052145350159606,238,"{""type"":""Point"",""coordinates"":[35.964402422755015,6.694100601656128]}"
00000000000000000095,sum,Ethiopia,415,flood,0.6037187500000001,572.7729280777276,Gambela,0.010299272202968675,30.739278301976867,6251,"{""type"":""Point"",""coordinates"":[33.642396894789925,8.09960033550016]}"
00000000000000000096,sum,Ethiopia,1946,flood,0.5316062500000001,516.6630107760429,Harari,1.2504412202156627,20.347570576818214,1,"{""type"":""Point"",""coordinates"":[42.09170223040658,9.273998239047259]}"
00000000000000000097,sum,Ethiopia,2212,flood,0.34263750000000004,699.9149489783449,Addis Ababa,0.8262761713776569,17.7489628816665,30,"{""type"":""Point"",""coordinates"":[38.82889772578127,8.93639969829087]}"
00000000000000000098,sum,Ethiopia,1241,flood,0.26041875000000003,329.69259168207645,Dire Dawa,2.530301179446265,25.131430101852573,27,"{""type"":""Point"",""coordinates"":[42.14950109826135,9.693100228858528]}"
00000000000000000099,sum,Ethiopia,1899,flood,0.63079375,795.7304963923525,Sidama,0.5277822165945105,19.07170640607916,33,"{""type"":""Point"",""coordinates"":[38.31269881053122,6.914500589424797]}"
0000000000000000009a,sum,Ethiopia,759,flood,0.13965625,214.3131733096643,Afar,0.773872281200095,30.414845552169936,50049,"{""type"":""Point"",""coordinates"":[40.873600677434666,12.357502290313507]}"
0000000000000000009b,sum,Haiti,183,flood,0.54375625,922.2979439422488,Centre,0.1948482855501663,26.933694614991055,508,"{""type"":""Point"",""coordinates"":[-71.927801547773,18.879298768163434]}"
0000000000000000009c,sum,Haiti,46,flood,0.515225,377.97976988554,North-West,0.8967768926662517,26.66975817058949,43,"{""type"":""Point"",""coordinates"":[-72.88710133470397,19.916797810268687]}"
0000000000000000009d,sum,Haiti,0,flood,0.66576875,790.7773774196062,South-East,2.288639611270335,,10,"{""type"":""Point"",""coordinates"":[-72.46370077147718,18.20659878324059]}"
0000000000000000009e,sum,Haiti,0,flood,0.077,,South,0.0072460229190449066,,252,"{""type"":""Point"",""coordinates"":[-73.62220197976873,18.1161013273609]}"
0000000000000000009f,sum,Haiti,170,flood,0.7568125,816.4624300673604,Nippes,4.270526870073947,25.59995170143236,144,"{""type"":""Point"",""coordinates"":[-73.12779915046792,18.429897186694]}"
000000000000000000a0,sum,Haiti,23,flood,0.7146125,498.03220477700233,Grande'Anse,1.8170577462156259,26.153519972394463,40,"{""type"":""Point"",""coordinates"":[-74.0950004644656,18.612301174386257]}"
000000000000000000a1,sum,Haiti,84,flood,0.44796250000000004,902.2105490136892,West,1.217244673908895,28.207176991320296,925,"{""type"":""Point"",""coordinates"":[-72.23470363687747,18.588199733192383]}"
000000000000000000a2,sum,Haiti,200,flood,0.7460187500000001,1049.2340070828795,North,2.2908369497919887,25.75980018019203,66,"{""type"":""Point"",""coordinates"":[-72.27459921400265,19.759400461284155]}"
000000000000000000a3,sum,Haiti,8,flood,0.66306875,701.5066240504384,North-East,0.13788912739419107,26.8732043377492,60,"{""type"":""Point"",""coordinates"":[-71.94550417895518,19.698899378191]}"
000000000000000000a4,sum,Haiti,4,flood,0.2876125,334.9898670017719,Artibonite,0.016982418799814433,27.64730828472267,2570,"{""type"":""Point"",""coordinates"":[-72.69979679495398,19.325400614853322]}"
000000000000000000a5,sum,Mali,335,flood,0.5207625,714.382039712742,Sikasso,0.04937895361345573,28.778688091178594,8782,"{""type"":""Point"",""coordinates"":[-7.586001076164267,11.30180119770809]}"
000000000000000000a6,sum,Mali,266,flood,0.36228125,231.88298584785662,Mopti,0.0,31.069371162487812,103453,"{""type"":""Point"",""coordinates"":[-4.4457995550034495,14.689598763962543]}"
000000000000000000a7,sum,Mali,286,flood,0.1569875,93.51296276359241,Gao,0.15012476356677654,31.367962514618398,6053,"{""type"":""Point"",""coordinates"":[-0.3633007992284495,16.622298015355483]}"
000000000000000000a8,sum,Mali,332,flood,0.23366875,650.6038016347738,Bamako,0.6606267979952405,29.00252016797498,125,"{""type"":""Point"",""coordinates"":[-7.974098936350927,12.627300199552252]}"
000000000000000000a9,sum,Mali,316,flood,0.13598125,141.57675630506128,Menaka,0.01677154111761961,31.519841426226833,9,"{""type"":""Point"",""coordinates"":[2.4246005250027682,16.62470147082329]}"
000000000000000000aa,sum,Mali,247,flood,0.45654375,623.4776323908227,Kayes,0.9209714183253963,30.325570124036005,9141,"{""type"":""Point"",""coordinates"":[-10.494298128838523,13.429001977951287]}"
000000000000000000ab,sum,Mali,357,flood,0.28256875000000004,567.9795102288044,Koulikoro,0.3635113976737501,29.027871275013467,6241,"{""type"":""Point"",""coordinates"":[-7.803801408018775,12.591600636518365]}"
000000000000000000ac,sum,Mali,279,flood,0.19598125,402.3175888945989,Ségou,0.010395884886315628,30.28328858468433,21522,"{""type"":""Point"",""coordinates"":[-5.651799107716314,13.571100151221444]}"
000000000000000000ad,sum,Mali,266,flood,0.193575,139.98421419080114,Tombouctou,0.0,31.273667635610195,7732,"{""type"":""Point"",""coordinates"":[-3.201398224018308,16.415502744900877]}"
000000000000000000ae,sum,Mozambique,280,flood,0.6648937500000001,737.4371122056655,Cabo Delgado,0.20154249515269693,24.059702657901084,2010,"{""type"":""Point"",""coordinates"":[39.477500728611304,-11.858399568502366]}"
000000000000000000af,sum,Mozambique,36,flood,0.6934875,820.0445299580406,Gaza,0.06268465105546567,23.377074753665738,45959,"{""type"":""Point"",""coordinates"":[33.29939838265781,-24.32080221109819]}"
000000000000000000b0,sum,Mozambique,143,flood,0.7729625,709.698288868778,Inhambane,0.05072214745340479,23.3452835585353,10486,"{""type"":""Point"",""coordinates"":[34.56010218709436,-22.900297602209307]}"
000000000000000000b1,sum,Mozambique,678,flood,0.5386562500000001,925.6620830216871,Manica,0.3872041610962708,20.524841787916387,2499,"{""type"":""Point"",""coordinates"":[33.43079917250076,-19.135701537837626]}"
000000000000000000b2,sum,Mozambique,48,flood,0.69025,951.7665442675352,Maputo,0.059139178371360006,22.506648120435273,20539,"{""type"":""Point"",""coordinates"":[32.725601259100394,-25.35880067252143]}"
000000000000000000b3,sum,Mozambique,28,flood,0.5462625,822.0383264929551,Maputo City,0.16377434942951827,22.617155410494547,118,"{""type"":""Point"",""coordinates"":[32.559000325541554,-26.00640037761443]}"
000000000000000000b4,sum,Mozambique,184,flood,0.6730312500000001,770.5996479928182,Nampula,0.23493709386103132,24.449101596408298,3063,"{""type"":""Point"",""coordinates"":[39.74269684556288,-15.387399028715235]}"
000000000000000000b5,sum,Mozambique,635,flood,0.50650625,864.1140469127058,Niassa,0.0968390666671772,22.05675019733866,1349,"{""type"":""Point"",""coordinates"":[35.88769696643363,-14.594098196700893]}"
000000000000000000b6,sum,Mozambique,66,flood,0.6801,1241.035435791356,Sofala,0.24270865703673525,23.931091453018666,33476,"{""type"":""Point"",""coordinates"":[34.70599951446204,-19.516499849599793]}"
000000000000000000b7,sum,Mozambique,424,flood,0.5067125,411.06653167848344,Tete,0.3219027706452901,24.283756437157763,28871,"{""type"":""Point"",""coordinates"":[32.57280124330197,-16.202999825097862]}"
000000000000000000b8,sum,Mozambique,39,flood,0.674475,1129.8416127658274,Zambezia,0.13392307749992077,24.3164187019255,30828,"{""type"":""Point"",""coordinates"":[36.75830077431052,-17.54629955834738]}"
000000000000000000b9,sum,Myanmar,415,flood,0.59380625,1493.5504758214956,Kachin,4.115300056417016,23.926290690522933,38542,"{""type"":""Point"",""coordinates"":[96.94139645314087,24.68199831462941]}"
000000000000000000ba,sum,Myanmar,926,flood,0.465525,949.0246788943186,Kayah,0.5168274743250334,21.718232643326246,3331,"{""type"":""Point"",""coordinates"":[97.21939910831794,19.4946993045495]}"
000000000000000000bb,sum,Myanmar,12,flood,0.37793125,5713.342119116685,Kayin,0.06421506344699718,27.020022940930062,23481,"{""type"":""Point"",""coordinates"":[97.63020271106875,16.899997451660933]}"
000000000000000000bc,sum,Myanmar,874,flood,0.6460750000000001,1029.6979754107142,Chin,6.990974698304687,22.061069041645737,122,"{""type"":""Point"",""coordinates"":[93.89099676809539,22.90870300769506]}"
000000000000000000bd,sum,Myanmar,168,flood,0.45060625000000004,763.9533376609907,Sagaing,0.11832834526464693,26.569480674126282,190698,"{""type"":""Point"",""coordinates"":[95.50479894855009,23.33499752750554]}"
000000000000000000be,sum,Myanmar,3,flood,0.5062625000000001,3027.027158590543,Tanintharyi,0.2154003063063924,,3777,"{""type"":""Point"",""coordinates"":[98.48619850389454,12.567601754648718]}"
000000000000000000bf,sum,Myanmar,301,flood,0.40226875,517.3802805491307,Magway,0.7750539842177356,25.992976580333334,104415,"{""type"":""Point"",""coordinates"":[94.95529946663291,20.737602377580686]}"
000000000000000000c0,sum,Myanmar,137,flood,0.43491875,571.0344087090343,Mandalay,0.055214111695585884,27.10964096969394,90312,"{""type"":""Point"",""coordinates"":[95.80219869330966,22.092598332893395]}"
000000000000000000c1,sum,Myanmar,7,flood,0.29553125,5143.122743293317,Mon,0.11369306151369703,26.900307631001965,39442,"{""type"":""Point"",""coordinates"":[97.41030214261806,16.70669988009511]}"
000000000000000000c2,sum,Myanmar,2,flood,0.19651875000000002,3715.4785090429596,Rakhine,0.0072460229190449066,26.029651927555676,158912,"{""type"":""Point"",""coordinates"":[93.19879713426583,20.227302853024334]}"
000000000000000000c3,sum,Myanmar,9,flood,0.3871875,2324.1053157729184,Yangon,0.12445159623482333,27.27892921772184,77838,"{""type"":""Point"",""coordinates"":[96.09229888964475,16.862799630673084]}"
000000000000000000c4,sum,Myanmar,5,flood,0.4770125,1778.1044335396678,Ayeyarwady,0.02096597183784271,26.890428810485787,290978,"{""type"":""Point"",""coordinates"":[95.275101735085,16.93469817605885]}"
000000000000000000c5,sum,Myanmar,355,flood,0.5663875,1118.7598216958577,Nay Pyi Taw,0.5443899607773799,25.696990064665442,1589,"{""type"":""Point"",""coordinates"":[96.0871976780396,19.964701932885855]}"
000000000000000000c6,sum,Myanmar,127,flood,0.6800812500000001,2574.89693111915,Bago,1.0318067235654658,26.12134431438659,138783,"{""type"":""Point"",""coordinates"":[95.95890042252987,17.973601834995932]}"
000000000000000000c7,sum,Myanmar,1412,flood,0.49483750000000004,1293.6877269971883,Shan,3.0705166978842113,20.67921702904289,33637,"{""type"":""Point"",""coordinates"":[97.47289900320634,20.858399425118535]}"
000000000000000000c8,sum,Niger,312,flood,0.242075,230.38764580711722,Diffa,0.007443483930531909,30.226876025206366,7,"{""type"":""Point"",""coordinates"":[12.473300685570445,13.249300205497414]}"
000000000000000000c9,sum,Niger,180,flood,0.38003750000000003,463.0269107404026,Dosso,0.38946813601096586,30.60046777921457,1736,"{""type"":""Point"",""coordinates"":[3.183798152160357,12.10190215882894]}"
000000000000000000ca,sum,Niger,421,flood,0.161975,221.32965032911306,Tahoua,0.1338310331816428,30.03233513014476,670,"{""type"":""Point"",""coordinates"":[5.362599649794029,14.83909904498142]}"
000000000000000000cb,sum,Niger,264,flood,0.20556875000000002,380.62370645825285,Tillabery,0.12011208214328238,30.556534188143814,557,"{""type"":""Point"",""coordinates"":[1.9347994879891133,13.515700279733435]}"
000000000000000000cc,sum,Niger,488,flood,0.17806875,115.12711547710933,Zinder,0.18088782294833528,29.162458399392108,51,"{""type"":""Point"",""coordinates"":[8.88910201341697,14.634100792251353]}"
000000000000000000cd,sum,Niger,202,flood,0.31006875,453.76682487735525,Niamey,0.47271559459818746,30.577195049018997,85,"{""type"":""Point"",""coordinates"":[2.126398142053575,13.461401806205625]}"
000000000000000000ce,sum,Niger,587,flood,0.13970625,53.290194076194894,Agadez,0.30102690360570183,30.97482243081339,26,"{""type"":""Point"",""coordinates"":[7.9155018894075955,17.171101877508335]}"
000000000000000000cf,sum,Nigeria,150,flood,0.34634375,624.3670101822354,Adamawa,0.2392301757791395,30.834829718193475,29962,"{""type"":""Point"",""coordinates"":[12.139501298911593,9.449700197856185]}"
000000000000000000d0,sum,Nigeria,108,flood,0.43715000000000004,837.8434316357598,Taraba,0.032480557427204404,30.766529955033093,66648,"{""type"":""Point"",""coordinates"":[10.538099878486523,8.694101065248727]}"
000000000000000000d1,sum,Nigeria,71,flood,0.44161875,845.3474248275161,Kwara,0.08268780940349658,30.91546276914056,9116,"{""type"":""Point"",""coordinates"":[5.4463014356682615,8.937197877379436]}"
000000000000000000d2,sum,Nigeria,359,flood,0.437475,901.2175386063755,Osun,0.4121736138900854,26.591952998157353,229,"{""type"":""Point"",""coordinates"":[4.526901684963523,7.891498548436895]}"
000000000000000000d3,sum,Nigeria,31,flood,0.52941875,1408.6591088943333,Ogun,0.02624983324671004,26.988237439065415,421,"{""type"":""Point"",""coordinates"":[3.896398173309436,6.6852983361766265]}"
000000000000000000d4,sum,Nigeria,20,flood,0.45441875000000004,2452.335894368589,Akwa Ibom,0.12661464402354897,26.501492366084165,12,"{""type"":""Point"",""coordinates"":[8.243000566277926,4.707000317411149]}"
000000000000000000d5,sum,Nigeria,26,flood,0.26099375,1115.9997467063367,Anambra,0.31419645896443504,28.13566019819598,2818,"{""type"":""Point"",""coordinates"":[6.7349013762951575,6.262200991821468]}"
000000000000000000d6,sum,Nigeria,380,flood,0.3050125,535.0547417911002,Bauchi,0.036979015005755705,29.132049328211565,5087,"{""type"":""Point"",""coordinates"":[10.218498269581842,11.881301511512863]}"
000000000000000000d7,sum,Nigeria,22,flood,0.55153125,1860.8372073732316,Bayelsa,0.016215242113302074,26.59071253605157,404,"{""type"":""Point"",""coordinates"":[6.0956000582626215,5.05480128137782]}"
000000000000000000d8,sum,Nigeria,97,flood,0.41653125,869.209887254292,Benue,0.17856408233474805,29.728818433471304,12599,"{""type"":""Point"",""coordinates"":[8.450598474922156,7.840000390370651]}"
000000000000000000d9,sum,Nigeria,301,flood,0.36785625,442.51709803352423,Borno,0.014492045606305614,30.639657875343573,18060,"{""type"":""Point"",""coordinates"":[13.825902103617452,11.93139951184833]}"
000000000000000000da,sum,Nigeria,57,flood,0.5112875,1529.4102548882365,Cross River,0.334190039242858,27.346485507373814,691,"{""type"":""Point"",""coordinates"":[8.264801111328225,5.849600371346121]}"
000000000000000000db,sum,Nigeria,27,flood,0.41426250000000003,1439.1967688733712,Delta,0.05977009421856709,26.622163139939858,4960,"{""type"":""Point"",""coordinates"":[6.1308983022017,5.77389821276177]}"
000000000000000000dc,sum,Nigeria,29,flood,0.43904375,1367.4209054093808,Ebonyi,0.04347612940182495,28.027629478674214,256,"{""type"":""Point"",""coordinates"":[8.217200207582689,6.043798681324741]}"
000000000000000000dd,sum,Nigeria,31,flood,0.30563125,894.7574396182704,Edo,0.030081174192896215,29.00427402867882,954,"{""type"":""Point"",""coordinates"":[6.625100471955108,6.904400725538743]}"
000000000000000000de,sum,Nigeria,545,flood,0.58313125,975.7863821678911,Ekiti,0.7304895456302336,26.35325178609463,50,"{""type"":""Point"",""coordinates"":[5.417000682646068,7.767299206795269]}"
000000000000000000df,sum,Nigeria,615,flood,0.45408750000000003,1018.9560480741784,Federal Capital Territory,1.2877701756502005,28.060374128344165,37,"{""type"":""Point"",""coordinates"":[7.448798995850789,9.13470038123866]}"
000000000000000000e0,sum,Nigeria,261,flood,0.30388750000000003,631.141388943397,Gombe,0.2451271901503778,29.984084369256493,1104,"{""type"":""Point"",""coordinates"":[11.491098955628974,10.766798253315654]}"
000000000000000000e1,sum,Nigeria,23,flood,0.38974375,1471.6588317160495,Imo,0.254983228560828,26.990673152049737,1,"{""type"":""Point"",""coordinates"":[6.794599821198691,5.707698398522312]}"
000000000000000000e2,sum,Nigeria,362,flood,0.3755,516.9511916827905,Jigawa,0.016280391154513824,29.35624610890403,12365,"{""type"":""Point"",""coordinates"":[9.92920071143638,12.361198885086816]}"
000000000000000000e3,sum,Nigeria,436,flood,0.49709375,965.9896675720811,Kaduna,0.3777835212502781,27.916893118399457,2976,"{""type"":""Point"",""coordinates"":[7.225398033073153,10.054002031720223]}"
000000000000000000e4,sum,Nigeria,514,flood,0.30931875000000003,648.6102716624737,Kano,0.25393954567249616,27.866592446995753,5305,"{""type"":""Point"",""coordinates"":[8.526800052824493,11.572299185812223]}"
000000000000000000e5,sum,Nigeria,461,flood,0.3121,355.83645494421944,Katsina,0.023443138651771108,28.475941324953453,18,"{""type"":""Point"",""coordinates"":[8.274000236801484,12.833801169337331]}"
000000000000000000e6,sum,Nigeria,156,flood,0.33504375000000003,596.2893152606412,Kebbi,0.0369760015248936,30.28165327786411,30446,"{""type"":""Point"",""coordinates"":[4.272300392114923,11.291001254956646]}"
000000000000000000e7,sum,Nigeria,322,flood,0.5247,932.8896518805122,Kogi,1.0194931049243277,29.308595150292376,20299,"{""type"":""Point"",""coordinates"":[6.688798730503582,7.941997867867172]}"
000000000000000000e8,sum,Nigeria,8,flood,0.4784875,1404.3586966194634,Lagos,0.02917200363291102,27.202626397612846,2339,"{""type"":""Point"",""coordinates"":[3.9312014570315803,6.504401524640433]}"
000000000000000000e9,sum,Nigeria,61,flood,0.384,919.710284054112,Nasarawa,0.18129769162032564,30.106788978524264,23070,"{""type"":""Point"",""coordinates"":[7.913901072129407,8.018498205540089]}"
000000000000000000ea,sum,Nigeria,123,flood,0.45815,811.4847254250199,Niger,0.2744594961975642,30.590949308921097,38910,"{""type"":""Point"",""coordinates"":[5.75369848498966,9.295000605008987]}"
000000000000000000eb,sum,Nigeria,11,flood,0.5130687500000001,1858.9979659441756,Ondo,0.030040871595141717,26.984360660087304,688,"{""type"":""Point"",""coordinates"":[4.7931010996521355,6.1791992848126265]}"
000000000000000000ec,sum,Nigeria,277,flood,0.14247500000000002,732.3426745012403,Oyo,0.33450751495035813,27.591625802834358,1234,"{""type"":""Point"",""coordinates"":[3.7571003155008396,8.203698049592857]}"
000000000000000000ed,sum,Nigeria,228,flood,0.38183125,872.6478107273579,Plateau,0.11398726082312381,29.39081762703671,348,"{""type"":""Point"",""coordinates"":[9.130201148275733,8.835499159653496]}"
000000000000000000ee,sum,Nigeria,24,flood,0.55458125,1808.3272555377334,Rivers,0.026161857246097906,26.737371727795562,498,"{""type"":""Point"",""coordinates"":[6.635998514929729,5.425798489024517]}"
000000000000000000ef,sum,Nigeria,288,flood,0.34542500000000004,348.1675801060046,Sokoto,0.24971203063975073,30.26557114212602,147,"{""type"":""Point"",""coordinates"":[5.447300274304234,13.458998350737817]}"
000000000000000000f0,sum,Nigeria,357,flood,0.25546250000000004,401.0857707224786,Yobe,0.03698158506252787,29.668585692773547,3083,"{""type"":""Point"",""coordinates"":[10.9136007781972,12.341297917085289]}"
000000000000000000f1,sum,Nigeria,268,flood,0.36612500000000003,455.8200210320065,Zamfara,0.1700522495440013,29.620159445345053,275,"{""type"":""Point"",""coordinates"":[5.272400953684926,12.240499937772142]}"
000000000000000000f2,sum,Somalia,42,flood,0.4902,372.4892764952383,Middle Juba,0.02898408935833501,28.41673806063602,4543,"{""type"":""Point"",""coordinates"":[42.63330018525706,0.933798188006315]}"
000000000000000000f3,sum,Somalia,18,flood,0.5148312500000001,299.83760696015815,Lower Juba,0.021738134931079563,28.0600157875092,1268,"{""type"":""Point"",""coordinates"":[42.27550191672856,0.17679889766807563]}"
000000000000000000f4,sum,Somalia,397,flood,0.278125,256.1363103380572,Gedo,1.1355546844264872,28.86236770901985,732,"{""type"":""Point"",""coordinates"":[42.224699378426656,3.1552019371046085]}"
000000000000000000f5,sum,Somalia,24,flood,0.1154875,6.3152532778913155,Bari,0.19715167914443263,26.856828161587657,158,"{""type"":""Point"",""coordinates"":[51.082498502448445,10.625199499363482]}"
000000000000000000f6,sum,Somalia,544,flood,0.1848875,99.9185304348357,Nugaal,0.10104797440983412,26.050789683149503,7,"{""type"":""Point"",""coordinates"":[48.843797900363825,7.827702189665245]}"
000000000000000000f7,sum,Somalia,39,flood,0.10490000000000001,8.661107884021476,Mudug,0.164339494529609,27.106036462770703,374,"{""type"":""Point"",""coordinates"":[48.561197912000644,5.521000296515586]}"
000000000000000000f8,sum,Somalia,243,flood,0.29954375,198.34695535589708,Galgaduud,0.6824744861668965,27.309154764811296,150,"{""type"":""Point"",""coordinates"":[47.061299008855165,4.168198218921176]}"
000000000000000000f9,sum,Somalia,195,flood,0.21695,122.90243059828936,Hiraan,0.13101429076392637,29.074420754180323,3368,"{""type"":""Point"",""coordinates"":[45.19160239624635,4.66660086186693]}"
000000000000000000fa,sum,Somalia,109,flood,0.37157500000000004,195.99942486919463,Middle Shabelle,0.022916835020701208,27.621457844800773,5676,"{""type"":""Point"",""coordinates"":[45.554296757731535,2.9062993754023125]}"
000000000000000000fb,sum,Somalia,1,flood,,291.0290449243039,Banadir,0.29604613300971055,,29,"{""type"":""Point"",""coordinates"":[45.30799831104446,2.013301962035028]}"
000000000000000000fc,sum,Somalia,68,flood,0.41055625,273.64985205978155,Lower Shabelle,0.02612993444931454,27.360635281786358,928,"{""type"":""Point"",""coordinates"":[44.42430258247465,1.804500096106371]}"
000000000000000000fd,sum,Somalia,299,flood,0.33585000000000004,244.72835645529995,Bay,0.23214338755402059,27.46766867513378,913,"{""type"":""Point"",""coordinates"":[43.638600058655385,2.771201990786063]}"
000000000000000000fe,sum,Somalia,543,flood,0.2646375,137.9712242671112,Bakool,0.3232272232394589,26.37701916060155,359,"{""type"":""Point"",""coordinates"":[43.919599229740385,3.9434996577369854]}"
000000000000000000ff,sum,Sudan,379,flood,0.15106250000000002,65.75981196947396,Khartoum,0.023686567017422548,31.96619746832215,6200,"{""type"":""Point"",""coordinates"":[32.470201787163234,15.41439888559385]}"
00000000000000000100,sum,Sudan,450,flood,0.22816875,265.9022259102203,North Kordofan,0.02972693124725673,30.788125851059533,801,"{""type"":""Point"",""coordinates"":[31.275100277424997,12.845399291177344]}"
00000000000000000101,sum,Sudan,1088,flood,0.3080875,132.62601153851574,North Darfur,0.7393677518112554,26.657439283415272,553,"{""type"":""Point"",""coordinates"":[24.114800660631097,13.979598398727623]}"
00000000000000000102,sum,Sudan,240,flood,0.08447500000000001,38.754360921255284,Red Sea,0.6351749902103802,28.89913012971607,724,"{""type"":""Point"",""coordinates"":[37.37079843591079,18.284499278644287]}"
00000000000000000103,sum,Sudan,380,flood,0.074925,2.268401291570626,Northern,0.13440551520570082,29.41119315483604,9285,"{""type"":""Point"",""coordinates"":[31.930400850037298,19.36340107403079]}"
00000000000000000104,sum,Sudan,372,flood,0.0996875,34.72098905168241,River Nile,0.11416348489937093,31.53830535637519,4740,"{""type"":""Point"",""coordinates"":[33.87310186509311,17.79500146050227]}"
00000000000000000105,sum,Sudan,530,flood,0.45960625000000005,425.90073644004957,South Darfur,0.16211823296710162,29.6997663688922,1242,"{""type"":""Point"",""coordinates"":[23.8449982922913,10.17739873517223]}"
00000000000000000106,sum,Sudan,751,flood,0.290825,291.52166797392056,West Darfur,0.3455428982914725,28.981757498114632,146,"{""type"":""Point"",""coordinates"":[22.5640992191837,12.811300545421643]}"
00000000000000000107,sum,Sudan,426,flood,0.52585,468.14940240001033,East Darfur,0.03950646886723807,30.6365279188538,67,"{""type"":""Point"",""coordinates"":[26.62689766650458,9.6656990528851]}"
00000000000000000108,sum,Sudan,1003,flood,0.36188750000000003,442.4668995510583,Central Darfur,0.7572842188169561,26.957845447681507,932,"{""type"":""Point"",""coordinates"":[23.41279992268606,12.539901818904713]}"
00000000000000000109,sum,Sudan,452,flood,0.35299375,475.1011994925793,South Kordofan,0.05867207826911559,30.9595028577682,234,"{""type"":""Point"",""coordinates"":[31.135597300967937,10.640097355983043]}"
0000000000000000010a,sum,Sudan,541,flood,0.24123750000000002,433.75700625622994,Blue Nile,0.20192454088967782,31.32828011846351,17,"{""type"":""Point"",""coordinates"":[34.02480048293134,11.73729930209288]}"
0000000000000000010b,sum,Sudan,389,flood,0.14614375000000002,161.14793094899505,White Nile,0.02989585862231563,32.11041190483621,31746,"{""type"":""Point"",""coordinates"":[32.33290160662658,14.168102436660996]}"
0000000000000000010c,sum,Sudan,402,flood,0.14673750000000002,82.84285907405047,Kassala,0.01634410909516074,31.746374790102493,4386,"{""type"":""Point"",""coordinates"":[36.03589964904597,16.486001132555856]}"
0000000000000000010d,sum,Sudan,488,flood,0.228275,324.9272995721549,Gedaref,0.15743936378721987,32.79680473212534,5188,"{""type"":""Point"",""coordinates"":[34.894699752841774,13.512101785183305]}"
0000000000000000010e,sum,Sudan,436,flood,0.2194875,313.69767996668816,Sennar,0.03311744870937594,33.05919361297663,2780,"{""type"":""Point"",""coordinates"":[34.26039708709015,13.278899718290193]}"
0000000000000000010f,sum,Sudan,410,flood,0.28981875,163.21408626018092,Aj Jazirah,0.016306890965055817,32.78417305024078,1357,"{""type"":""Point"",""coordinates"":[33.169103449876125,14.24669855182903]}"
00000000000000000110,sum,Sudan,444,flood,0.38156875,376.0013254998812,West Kordofan,0.021738067829995794,30.550053912294857,468,"{""type"":""Point"",""coordinates"":[28.27140075771226,10.892901631107103]}"
00000000000000000111,sum,Syrian Arab Republic,689,flood,0.14166875,189.1613882583615,Damascus,0.564262823759602,17.868441418724956,1,"{""type"":""Point"",""coordinates"":[36.306500196474325,33.46789889326543]}"
00000000000000000112,sum,Syrian Arab Republic,383,flood,0.38081875000000004,289.1257459312874,Aleppo,0.4292070254659853,19.011110635974603,9817,"{""type"":""Point"",""coordinates"":[37.70589988007725,36.20790055398053]}"
00000000000000000113,sum,Syrian Arab Republic,606,flood,0.12718125,111.51914033759385,Rural Damascus,0.2527098838619537,20.188495377486902,2747,"{""type"":""Point"",""coordinates"":[37.12210099285694,33.07639873897499]}"
00000000000000000114,sum,Syrian Arab Republic,627,flood,0.274125,240.6406719035731,Homs,0.7843474195818808,17.397264078189778,1943,"{""type"":""Point"",""coordinates"":[36.845199735640065,34.7047019160555]}"
00000000000000000115,sum,Syrian Arab Republic,294,flood,0.40684375,443.6933740564855,Hama,0.31985622835689015,18.558353019055176,3713,"{""type"":""Point"",""coordinates"":[36.58499781186834,35.146598830451985]}"
00000000000000000116,sum,Syrian Arab Republic,88,flood,0.59026875,962.6161105044885,Lattakia,0.8241868263068708,17.442677248521647,393,"{""type"":""Point"",""coordinates"":[35.96009939023844,35.606497135801234]}"
00000000000000000117,sum,Syrian Arab Republic,336,flood,0.354775,440.646127410233,Idleb,0.6043281855980354,18.699463956019088,1331,"{""type"":""Point"",""coordinates"":[36.88480101209572,35.83179767562764]}"
00000000000000000118,sum,Syrian Arab Republic,306,flood,0.26985625,364.1718128681009,Al-Hasakeh,0.2205103676495278,21.05534295604059,1883,"{""type"":""Point"",""coordinates"":[40.82049724298918,36.47129965320758]}"
00000000000000000119,sum,Syrian Arab Republic,220,flood,0.0900875,186.91768720656364,Deir-ez-Zor,0.0372976682600941,22.290322781786415,731,"{""type"":""Point"",""coordinates"":[40.76110201695728,35.166000379135525]}"
0000000000000000011a,sum,Syrian Arab Republic,145,flood,0.517325,909.124557802802,Tartous,0.4905781719370473,19.314465911823447,201,"{""type"":""Point"",""coordinates"":[36.06199876751178,34.766799357325795]}"
0000000000000000011b,sum,Syrian Arab Republic,334,flood,0.23883125000000002,206.28915429503104,Ar-Raqqa,0.24209736597826215,20.122682231803424,1353,"{""type"":""Point"",""coordinates"":[38.576900547947886,35.94410013565867]}"
0000000000000000011c,sum,Syrian Arab Republic,580,flood,0.3706625,248.28160981350254,Dar'a,0.38305902346262766,18.613763228888843,25,"{""type"":""Point"",""coordinates"":[36.09529933417892,32.90490171245946]}"
0000000000000000011d,sum,Syrian Arab Republic,664,flood,0.13271875,135.46785047405865,As-Sweida,0.6915139030832854,19.847460060486014,1290,"{""type"":""Point"",""coordinates"":[37.01549726397223,32.96909939032593]}"
0000000000000000011e,sum,Ukraine,15,flood,0.39160625000000004,296.4939441990573,Autonomous Republic of Crimea,0.10144421540501228,13.266543350952247,114,"{""type"":""Point"",""coordinates"":[33.64599984844111,46.18310135188426]}"
0000000000000000011f,sum,Ukraine,276,flood,0.44816875,377.4394927499816,Vinnytska,0.19974057483752125,9.52145563447408,51466,"{""type"":""Point"",""coordinates"":[28.967301445416183,49.08160175954409]}"
00000000000000000120,sum,Ukraine,166,flood,0.60490625,,Volynska,0.12372885197018046,9.71700256305786,19374,"{""type"":""Point"",""coordinates"":[24.974002547114317,51.41730118684431]}"
00000000000000000121,sum,Ukraine,70,flood,0.49184375,383.54346876068485,Dnipropetrovska,0.3917290304798168,11.471272177362607,177238,"{""type"":""Point"",""coordinates"":[34.71720077630832,48.21060109167346]}"
00000000000000000122,sum,Ukraine,127,flood,0.34842500000000004,428.78067962406203,Donetska,0.203074051000295,11.406342492541853,62529,"{""type"":""Point"",""coordinates"":[37.31829698010752,48.00789927598591]}"
00000000000000000123,sum,Ukraine,205,flood,0.401075,,Zhytomyrska,0.13950738104196983,8.798251156486401,6515,"{""type"":""Point"",""coordinates"":[28.85479832583774,50.42450017369881]}"
00000000000000000124,sum,Ukraine,113,flood,0.48226250000000004,248.3155642338097,Zakarpatska,0.07769431898302119,12.829084878301558,6967,"{""type"":""Point"",""coordinates"":[22.602300337908577,48.364698705878446]}"
00000000000000000125,sum,Ukraine,58,flood,0.507625,330.3713538128793,Zaporizka,0.41456360749631543,12.175265567816155,47179,"{""type"":""Point"",""coordinates"":[35.775100205733075,47.58300045480517]}"
00000000000000000126,sum,Ukraine,276,flood,0.48156875000000005,327.663160539018,Ivano-Frankivska,0.44696700741987927,10.36783491848928,2153,"{""type"":""Point"",""coordinates"":[25.13560036929119,48.76520178519579]}"
00000000000000000127,sum,Ukraine,108,flood,0.5011375,,Kyivska,0.49565931824753323,9.74930849637849,40511,"{""type"":""Point"",""coordinates"":[30.55769780444135,50.18329847951581]}"
00000000000000000128,sum,Ukraine,186,flood,0.4205625,360.0029728326481,Kirovohradska,0.2557131619432876,10.881995074739223,128956,"{""type"":""Point"",""coordinates"":[31.641098832790785,48.40780037666106]}"
00000000000000000129,sum,Ukraine,84,flood,0.48433125000000005,448.938759993679,Luhanska,1.1887723848184573,10.781024339463954,15103,"{""type"":""Point"",""coordinates"":[39.0102984157365,48.95160112743193]}"
0000000000000000012a,sum,Ukraine,327,flood,0.5968,338.266077627859,Lvivska,0.34376014354001183,10.17570964253332,8645,"{""type"":""Point"",""coordinates"":[23.982401032152186,49.886300053851045]}"
0000000000000000012b,sum,Ukraine,103,flood,0.48650000000000004,349.08997417451064,Mykolaivska,0.2575956526886211,12.201811255937798,127178,"{""type"":""Point"",""coordinates"":[31.862800878067052,47.555902497703364]}"
0000000000000000012c,sum,Ukraine,44,flood,0.47411250000000005,360.47766180530743,Odeska,0.6246247476914674,12.551476558899765,51934,"{""type"":""Point"",""coordinates"":[30.03340116167824,46.74100178018614]}"
0000000000000000012d,sum,Ukraine,130,flood,0.3962375,413.2108827417078,Poltavska,0.13537236180694454,9.933077732918207,91259,"{""type"":""Point"",""coordinates"":[33.575403360562966,49.702000948211065]}"
0000000000000000012e,sum,Ukraine,162,flood,0.5515875,,Rivnenska,0.205216887376386,9.466709527328305,27636,"{""type"":""Point"",""coordinates"":[26.408201055338324,51.41079981750839]}"
0000000000000000012f,sum,Ukraine,162,flood,0.44703750000000003,,Sumska,0.18261813757016654,8.480410538452247,49935,"{""type"":""Point"",""coordinates"":[33.96330056120221,51.159400159216155]}"
00000000000000000130,sum,Ukraine,335,flood,0.43136250000000004,372.70680687883214,Ternopilska,0.41408405414447913,9.74964573864088,39207,"{""type"":""Point"",""coordinates"":[25.74919942885167,49.287603310011185]}"
00000000000000000131,sum,Ukraine,105,flood,0.48786250000000003,413.2080539856122,Kharkivska,0.29042235819778034,10.047432330933418,46073,"{""type"":""Point"",""coordinates"":[36.402500183053974,49.53370109715087]}"
00000000000000000132,sum,Ukraine,51,flood,0.41734375,309.6321322222648,Khersonska,0.06068203968691367,12.710070509838772,33398,"{""type"":""Point"",""coordinates"":[33.70960000676641,46.76769841819312]}"
00000000000000000133,sum,Ukraine,330,flood,0.45141875000000004,369.7650494761765,Khmelnytska,0.13840356952391125,9.420787312071866,38083,"{""type"":""Point"",""coordinates"":[26.730397861056108,49.37159939655495]}"
00000000000000000134,sum,Ukraine,206,flood,0.45181875000000005,377.0075852146474,Cherkaska,0.16989314299838723,10.099275542417502,77717,"{""type"":""Point"",""coordinates"":[31.14950077805258,49.17610348816977]}"
00000000000000000135,sum,Ukraine,237,flood,0.48415,352.2669295426458,Chernivetska,1.0860120069735428,10.6223634089298,3102,"{""type"":""Point"",""coordinates"":[26.487100389377996,48.47230127339915]}"
00000000000000000136,sum,Ukraine,112,flood,0.45753750000000004,,Chernihivska,0.031229197275106712,8.37036272841732,85573,"{""type"":""Point"",""coordinates"":[32.11389731748764,51.46210177512828]}"
00000000000000000137,sum,Ukraine,98,flood,0.27965,,Kyiv,0.08288765565754969,9.544144637496345,1231,"{""type"":""Point"",""coordinates"":[30.59539950384824,50.40000187251117]}"
00000000000000000138,sum,Venezuela,121,flood,0.7523937500000001,2704.4697901010513,Amazonas,0.010258959980076277,26.48158033708495,3937,"{""type"":""Point"",""coordinates"":[-67.25879723043826,3.861898108458926]}"
00000000000000000139,sum,Venezuela,76,flood,0.6071562500000001,1040.502913504839,Barinas,0.026315296810004395,29.319098890432713,15332,"{""type"":""Point"",""coordinates"":[-68.94239771968256,8.219799863496851]}"
0000000000000000013a,sum,Venezuela,68,flood,0.5246625,728.2143031395972,Bolívar,0.5129172292268627,27.713476757159526,60788,"{""type"":""Point"",""coordinates"":[-65.61039688490987,7.524300494887736]}"
0000000000000000013b,sum,Venezuela,59,flood,0.5257937500000001,1252.9542326815426,Apure,0.030103009522416117,29.14980829811884,194560,"{""type"":""Point"",""coordinates"":[-68.07100019181816,7.2363986353720025]}"
0000000000000000013c,sum,Venezuela,7,flood,0.0878,872.7729408470914,Zulia,0.052774470593180446,,61873,"{""type"":""Point"",""coordinates"":[-72.04380060257733,9.694598486812486]}"
0000000000000000013d,sum,Venezuela,988,flood,0.316925,458.6639481980674,Distrito Capital,1.809398109398328,22.04496379794739,30,"{""type"":""Point"",""coordinates"":[-66.94819854656049,10.475997978115181]}"
0000000000000000013e,sum,Venezuela,263,flood,0.39830625000000003,546.781227146741,Anzoátegui,0.19782741900608425,27.289007637432235,42593,"{""type"":""Point"",""coordinates"":[-64.30439753197243,8.714800212338822]}"
0000000000000000013f,sum,Venezuela,29,flood,0.80461875,662.9245456117642,Miranda,0.2894750861554485,25.82232898141791,946,"{""type"":""Point"",""coordinates"":[-66.0679987532166,10.26570231333362]}"
00000000000000000140,sum,Venezuela,109,flood,0.42835625,578.6104316175442,Guárico,0.14565890398751835,28.823920081705126,88272,"{""type"":""Point"",""coordinates"":[-66.54959950339297,8.455400926756715]}"
00000000000000000141,sum,Venezuela,0,flood,0.36985625,394.44410847174004,La Guaira,3.697583314822165,23.152257741920266,46,"{""type"":""Point"",""coordinates"":[-66.8023012191928,10.60389837363117]}"
00000000000000000142,sum,Venezuela,403,flood,0.61623125,622.3866917162704,Aragua,0.17782007373614472,27.304091107403792,4086,"{""type"":""Point"",""coordinates"":[-67.08339849050097,9.830899828713166]}"
00000000000000000143,sum,Venezuela,407,flood,0.247675,534.1054751368792,Carabobo,0.11881980877724337,25.259226165059886,2726,"{""type"":""Point"",""coordinates"":[-67.86650135840608,10.176698656306842]}"
00000000000000000144,sum,Venezuela,1405,flood,0.5403875,937.8273518532515,Táchira,1.3607850458027866,16.862656391075745,1717,"{""type"":""Point"",""coordinates"":[-71.73490083620094,8.02730047101959]}"
00000000000000000145,sum,Venezuela,427,flood,0.46408750000000004,450.1149451415986,Falcón,3.463359534189409,25.928765586570535,22363,"{""type"":""Point"",""coordinates"":[-69.44970072833098,11.273401183098692]}"
00000000000000000146,sum,Venezuela,497,flood,0.4289,302.73471679678187,Lara,1.3264081686351563,27.42480441330224,3498,"{""type"":""Point"",""coordinates"":[-69.87449699018751,10.248601660793653]}"
00000000000000000147,sum,Venezuela,1195,flood,0.6186125,1302.7564547974616,Mérida,0.8677638505530733,21.94181656072186,1371,"{""type"":""Point"",""coordinates"":[-71.33360403689606,8.036000177174865]}"
00000000000000000148,sum,Venezuela,67,flood,0.64948125,775.7884301701561,Trujillo,0.4906168450387736,24.498277010610252,698,"{""type"":""Point"",""coordinates"":[-70.70130350751744,9.529500270308654]}"
00000000000000000149,sum,Venezuela,130,flood,0.63334375,752.6433619558811,Cojedes,0.7841105364582605,29.427189556692383,11738,"{""type"":""Point"",""coordinates"":[-68.26660311862862,9.000298616386749]}"
0000000000000000014a,sum,Venezuela,5,flood,0.68759375,1310.2466269917786,Delta Amacuro,0.01624446740362332,26.045516044710837,17819,"{""type"":""Point"",""coordinates"":[-61.63530003710818,9.13319766418365]}"
0000000000000000014b,sum,Venezuela,46,flood,0.39350625,781.930031131953,Monagas,0.07655029898232073,26.67042863633901,17974,"{""type"":""Point"",""coordinates"":[-62.942400788005806,9.197698560921744]}"
0000000000000000014c,sum,Venezuela,117,flood,0.678825,1088.0200543999672,Portuguesa,0.05270313725457564,28.25955536977085,9310,"{""type"":""Point"",""coordinates"":[-69.53510143170658,9.019602064847117]}"
0000000000000000014d,sum,Venezuela,203,flood,0.7997625,686.7473345138133,Sucre,2.7043069256919723,25.448600923933498,6150,"{""type"":""Point"",""coordinates"":[-63.1687001664682,10.433899605069598]}"
0000000000000000014e,sum,Venezuela,90,flood,0.671975,541.0921222588513,Yaracuy,1.2506511493098011,25.453670944402177,711,"{""type"":""Point"",""coordinates"":[-68.59120337981422,10.362099159907011]}"
0000000000000000014f,sum,Yemen,1265,flood,0.11641875,98.19752861768939,Ma'rib,1.2626176396653073,26.825070121357214,35,"{""type"":""Point"",""coordinates"":[45.22919707722796,15.378199903241974]}"
00000000000000000150,sum,Yemen,9,flood,0.10032500000000001,43.56051731586922,Abyan,1.0176399747498173,,14,"{""type"":""Point"",""coordinates"":[45.9665986184363,13.402501540390658]}"
00000000000000000151,sum,Yemen,0,flood,,,Shabwah,0.0,,5,"{""type"":""Point"",""coordinates"":[47.75109964631797,13.791201379219533]}"
00000000000000000152,sum,Yemen,0,flood,,,Ta'iz,0.0,,2,"{""type"":""Point"",""coordinates"":[43.38530082331439,12.860502266445366]}"
00000000000000000153,sum,Yemen,0,flood,,,Al Hodeidah,0.10474044593382992,,83,"{""type"":""Point"",""coordinates"":[42.74030077413556,13.864299422788672]}"
00000000000000000154,sum,Yemen,2518,flood,0.22301875000000002,187.14587086936564,Sana'a,1.7218062411430994,19.365640332048088,6,"{""type"":""Point"",""coordinates"":[44.10770194857894,15.586899209846408]}"
00000000000000000155,sum,Yemen,7,flood,0.14141875,15.188588410615921,Aden,0.16286455369704014,29.271460657943862,11,"{""type"":""Point"",""coordinates"":[44.95259903888272,12.835999506156679]}"
